Date,pnl
2006-05-01,0.0
2006-05-26,-0.127741157549
2006-05-30,-0.232619991326
2006-05-31,0.178288869417
2006-06-01,0.282781500177
2006-06-02,0.246332138914
2006-06-05,0.0204817855673
2006-06-06,0.187421114001
2006-06-07,-0.0909598349637
2006-06-08,0.0299787860955
2006-06-09,0.858393221817
2006-06-12,0.648879469591
2006-06-13,-0.564166374537
2006-06-14,-0.638981736071
2006-06-15,-0.59402365294
2006-06-16,-0.124761201155
2006-06-19,0.346219184224
2006-06-20,0.224502692588
2006-06-21,0.088126410232
2006-06-22,-1.32819972872
2006-06-23,-1.5119469398
2006-06-26,-1.47413325472
2006-06-27,-1.17193105652
2006-06-28,-1.10769199263
2006-06-29,-0.643917875623
2006-06-30,-0.70767652167
2006-07-03,-0.657877684445
2006-07-05,-0.369998556854
2006-07-06,-0.112067886098
2006-07-07,0.826299887384
2006-07-10,1.16112422064
2006-07-11,1.646141512
2006-07-12,1.69250966593
2006-07-13,2.14680534366
2006-07-14,1.86077287209
2006-07-17,3.2839241255
2006-07-18,2.85745483512
2006-07-19,3.67085138674
2006-07-20,4.33820679782
2006-07-21,3.55853478421
2006-07-24,3.30436315168
2006-07-25,3.25493117334
2006-07-26,3.61308944028
2006-07-27,3.75670231801
2006-07-28,3.67679264935
2006-07-31,4.5831265591
2006-08-01,4.01212307022
2006-08-02,3.58897373509
2006-08-03,3.73445893565
2006-08-04,3.86262813423
2006-08-07,4.27380575406
2006-08-08,4.36794442431
2006-08-09,3.79480353936
2006-08-10,4.04066557068
2006-08-11,3.79167326603
2006-08-14,3.51043084227
2006-08-15,2.47881720734
2006-08-16,1.8484540977
2006-08-17,2.02958008474
2006-08-18,2.31197597254
2006-08-21,2.33839230273
2006-08-22,2.29967892831
2006-08-23,2.82247306609
2006-08-24,2.83963173421
2006-08-25,2.85369890726
2006-08-28,2.62531706379
2006-08-29,2.09508352671
2006-08-30,2.1523878864
2006-08-31,2.3512109223
2006-09-01,1.58640237756
2006-09-05,1.11785152049
2006-09-06,0.635706010601
2006-09-07,0.785565757362
2006-09-08,1.38946587635
2006-09-11,0.792210403658
2006-09-12,0.444455439395
2006-09-13,0.727924731668
2006-09-14,0.98934379219
2006-09-15,0.357500587809
2006-09-18,0.376603107315
2006-09-19,0.525357438937
2006-09-20,0.211196962168
2006-09-21,0.341612474769
2006-09-22,1.09557599889
2006-09-25,1.21609295547
2006-09-26,0.788355205691
2006-09-27,0.757624730936
2006-09-28,0.718291648849
2006-09-29,0.484212189977
2006-10-02,0.681205042052
2006-10-03,0.75727024774
2006-10-04,-0.129805376689
2006-10-05,-0.384789666364
2006-10-06,-0.301086273517
2006-10-09,-0.155000039586
2006-10-10,-0.231980628851
2006-10-11,0.0792664442886
2006-10-12,0.13722981619
2006-10-13,-0.103355935866
2006-10-16,0.315294221138
2006-10-17,0.904360891649
2006-10-18,1.39161168541
2006-10-19,2.31449281543
2006-10-20,2.97645229588
2006-10-23,3.00912164416
2006-10-24,3.97927909061
2006-10-25,4.59202306972
2006-10-26,3.93503916698
2006-10-27,3.87701528803
2006-10-30,4.06440432631
2006-10-31,4.76432698522
2006-11-01,5.86921763079
2006-11-02,4.81196029623
2006-11-03,5.85085600003
2006-11-06,5.81852449392
2006-11-07,6.23586938653
2006-11-08,7.08325875093
2006-11-09,6.87105006677
2006-11-10,7.22114838445
2006-11-13,7.03165248153
2006-11-14,6.86267688254
2006-11-15,7.62292685852
2006-11-16,7.94124202507
2006-11-17,7.52260780416
2006-11-20,7.76541527989
2006-11-21,8.61686458482
2006-11-22,9.12663777104
2006-11-24,7.51477518719
2006-11-27,7.93636216263
2006-11-28,9.13491405803
2006-11-29,10.350515983
2006-11-30,10.9358688803
2006-12-01,10.9974761672
2006-12-04,11.4113858734
2006-12-05,11.6835508512
2006-12-06,11.9876319795
2006-12-07,12.3611588058
2006-12-08,13.1789164834
2006-12-11,13.4803892314
2006-12-12,13.2856224343
2006-12-13,14.086835622
2006-12-14,13.7982690787
2006-12-15,13.5459468084
2006-12-18,13.3068297169
2006-12-19,13.9562417962
2006-12-20,13.4564589584
2006-12-21,13.5045840198
2006-12-22,14.0605759529
2006-12-26,14.3102066921
2006-12-27,15.05260448
2006-12-28,15.5625993563
2006-12-29,16.5992030795
2007-01-03,16.3886758904
2007-01-04,18.0316750018
2007-01-05,18.4507503347
2007-01-08,18.6771724186
2007-01-09,19.7169128404
2007-01-10,21.5461585259
2007-01-11,21.7887605176
2007-01-12,22.9153687002
2007-01-16,23.2435947678
2007-01-17,24.4556026629
2007-01-18,24.3072594787
2007-01-19,24.0301370998
2007-01-22,24.5501135317
2007-01-23,24.7184486321
2007-01-24,24.7415155696
2007-01-25,24.5092577771
2007-01-26,25.1007034808
2007-01-29,24.8101656096
2007-01-30,25.2874798957
2007-01-31,25.9174699895
2007-02-01,27.1595128409
2007-02-02,25.3109840308
2007-02-05,25.0240021246
2007-02-06,24.7677343528
2007-02-07,24.9322982766
2007-02-08,24.489923613
2007-02-09,23.8964648045
2007-02-12,25.2329369757
2007-02-13,26.8720085105
2007-02-14,27.8199672144
2007-02-15,27.9136489676
2007-02-16,28.695449678
2007-02-20,29.1742003194
2007-02-21,28.7934403687
2007-02-22,30.2688221815
2007-02-23,32.0955441714
2007-02-26,28.1051386617
2007-02-27,27.5378008055
2007-02-28,27.454276744
2007-03-01,27.6103768989
2007-03-02,28.121399227
2007-03-05,26.7778321974
2007-03-06,27.0039303421
2007-03-07,26.7808587849
2007-03-08,27.0338817798
2007-03-09,28.1538044071
2007-03-12,29.0791641952
2007-03-13,28.0038236807
2007-03-14,28.158326254
2007-03-15,27.8543836433
2007-03-16,27.5904117319
2007-03-19,28.6311210734
2007-03-20,27.742891786
2007-03-21,27.8182323764
2007-03-22,28.5442383765
2007-03-23,28.956179085
2007-03-26,28.8571035623
2007-03-27,29.3148077277
2007-03-28,28.5571733195
2007-03-29,28.9544111627
2007-03-30,30.2978110138
2007-04-02,29.9944279543
2007-04-03,30.5577373815
2007-04-04,30.9296516752
2007-04-05,31.2962739419
2007-04-09,31.3043681616
2007-04-10,31.8140299464
2007-04-11,32.1047526753
2007-04-12,32.2354116726
2007-04-13,31.704493744
2007-04-16,32.4826893964
2007-04-17,32.7110851938
2007-04-18,33.1650360267
2007-04-19,33.6537607661
2007-04-20,34.4061824976
2007-04-23,35.5995759455
2007-04-24,35.950090303
2007-04-25,35.3149955226
2007-04-26,35.7056513226
2007-04-27,36.3545661904
2007-04-30,37.1713760733
2007-05-01,36.6943302618
2007-05-02,37.5456696972
2007-05-03,37.6762490768
2007-05-04,38.6032677991
2007-05-07,38.9495517527
2007-05-08,39.5290605355
2007-05-09,40.1462237731
2007-05-10,40.2574274465
2007-05-11,40.8609526962
2007-05-14,41.7041202986
2007-05-15,42.2112572157
2007-05-16,43.0551204022
2007-05-17,43.3701784847
2007-05-18,43.0255719958
2007-05-21,42.6276069331
2007-05-22,42.4088611156
2007-05-23,42.6245919351
2007-05-24,43.9981753201
2007-05-25,44.5372705442
2007-05-29,45.2094026116
2007-05-30,46.0044025027
2007-05-31,47.2510852265
2007-06-01,48.7124715812
2007-06-04,49.3152155093
2007-06-05,48.0049535494
2007-06-06,47.1940763082
2007-06-07,46.9124255205
2007-06-08,47.3428228722
2007-06-11,47.9027469328
2007-06-12,48.3972986314
2007-06-13,50.6613580559
2007-06-14,49.6436775546
2007-06-15,51.2610134042
2007-06-18,51.5061272758
2007-06-19,52.0852918638
2007-06-20,54.1399066732
2007-06-21,54.6738188098
2007-06-22,54.0695101637
2007-06-25,53.2748874929
2007-06-26,53.3645116461
2007-06-27,53.9058505665
2007-06-28,55.2530655288
2007-06-29,55.852736948
2007-07-02,56.6082890062
2007-07-03,59.976342123
2007-07-05,60.5255839641
2007-07-06,62.8169260774
2007-07-09,62.7647482628
2007-07-10,63.5669109898
2007-07-11,62.5147603735
2007-07-12,61.7425566515
2007-07-13,62.5380544435
2007-07-16,62.6995834721
2007-07-17,63.345101017
2007-07-18,64.0732399383
2007-07-19,64.0868180496
2007-07-20,65.0334721959
2007-07-23,66.3048189134
2007-07-24,65.4786844759
2007-07-25,64.4431763619
2007-07-26,62.4890075852
2007-07-27,62.8689125599
2007-07-30,63.2312283502
2007-07-31,62.0301999546
2007-08-01,63.1025678623
2007-08-02,63.6940719315
2007-08-03,57.8372573007
2007-08-06,55.8375334735
2007-08-07,53.7050936568
2007-08-08,53.0157400796
2007-08-09,50.3541366116
2007-08-10,51.5626861997
2007-08-13,51.4353797119
2007-08-14,50.4687640884
2007-08-15,48.2912846049
2007-08-16,48.6823601255
2007-08-17,48.5469712583
2007-08-20,46.4334704668
2007-08-21,46.9347158193
2007-08-22,46.483204323
2007-08-23,46.5038420934
2007-08-24,47.6160199943
2007-08-27,46.9706127736
2007-08-28,46.8234477411
2007-08-29,47.3484508759
2007-08-30,47.6069356301
2007-08-31,47.7931496879
2007-09-04,47.9839019804
2007-09-05,48.1831384933
2007-09-06,47.6562551117
2007-09-07,48.1835767326
2007-09-10,48.6563229078
2007-09-11,49.0843627248
2007-09-12,48.6445856658
2007-09-13,48.2046449781
2007-09-14,48.0965665662
2007-09-17,47.8943537242
2007-09-18,48.1633186338
2007-09-19,49.1001628401
2007-09-20,49.8636403995
2007-09-21,50.2132397637
2007-09-24,51.4576514126
2007-09-25,51.627436775
2007-09-26,51.9452515591
2007-09-27,51.2253978694
2007-09-28,51.3485328424
2007-10-01,50.6289255663
2007-10-02,49.945835836
2007-10-03,50.7204948388
2007-10-04,50.6540526103
2007-10-05,50.7652227602
2007-10-08,51.1912255216
2007-10-09,51.6769806598
2007-10-10,50.8097510228
2007-10-11,51.2109140249
2007-10-12,51.2474574559
2007-10-15,51.1962723156
2007-10-16,51.7579426448
2007-10-17,52.5929809906
2007-10-18,52.106594975
2007-10-19,51.5956015771
2007-10-22,52.7577977299
2007-10-23,52.4516512105
2007-10-24,52.5341494278
2007-10-25,52.977797575
2007-10-26,53.040495283
2007-10-29,52.4466270669
2007-10-30,52.8251878245
2007-10-31,52.709831685
2007-11-01,53.7534540593
2007-11-02,54.9837088634
2007-11-05,55.9007232279
2007-11-06,55.7555321435
2007-11-07,55.9555816001
2007-11-08,55.8112908943
2007-11-09,54.435796315
2007-11-12,53.3147700528
2007-11-13,54.2605601081
2007-11-14,54.3800449019
2007-11-15,54.7698215112
2007-11-16,55.9966418323
2007-11-19,57.0063089734
2007-11-20,56.1242397417
2007-11-21,55.5756899896
2007-11-23,55.8851608239
2007-11-26,57.9746482835
2007-11-27,58.5465260531
2007-11-28,58.7181272229
2007-11-29,58.5499132721
2007-11-30,58.8427410625
2007-12-03,59.2246955885
2007-12-04,58.7898240162
2007-12-05,58.3215849692
2007-12-06,57.3239926791
2007-12-07,57.6077656437
2007-12-10,57.0377478703
2007-12-11,57.4017517854
2007-12-12,58.2437453335
2007-12-13,58.2511158075
2007-12-14,57.5359860356
2007-12-17,57.4391087203
2007-12-18,58.0068270704
2007-12-19,58.014339301
2007-12-20,58.4438988698
2007-12-21,58.1743398917
2007-12-24,58.5721156754
2007-12-26,58.558108946
2007-12-27,58.9119613684
2007-12-28,58.465814432
2007-12-31,59.650485436
2008-01-02,61.1843322202
2008-01-03,63.2701215273
2008-01-04,64.9395105147
2008-01-07,66.8026562622
2008-01-08,68.2061237698
2008-01-09,67.5233073296
2008-01-10,68.5350231584
2008-01-11,68.3573811263
2008-01-14,68.2309701633
2008-01-15,67.3965107954
2008-01-16,66.7615102481
2008-01-17,66.1404959015
2008-01-18,64.0731684454
2008-01-22,62.3492514802
2008-01-23,61.1645589298
2008-01-24,60.7015266411
2008-01-25,60.5201918778
2008-01-28,59.9897665178
2008-01-29,59.8564576742
2008-01-30,59.5392831386
2008-01-31,59.062768568
2008-02-01,58.8682718643
2008-02-04,58.5748751112
2008-02-05,59.1291463214
2008-02-06,59.1473276831
2008-02-07,59.0242944875
2008-02-08,59.2734451001
2008-02-11,59.2839062595
2008-02-12,58.8874244453
2008-02-13,59.0988314774
2008-02-14,59.1366740731
2008-02-15,59.8336068803
2008-02-19,60.1303235983
2008-02-20,60.1468652057
2008-02-21,60.5637390259
2008-02-22,60.9184877559
2008-02-25,60.5193444257
2008-02-26,60.2242478265
2008-02-27,61.1451430165
2008-02-28,60.6419275386
2008-02-29,61.7446847298
2008-03-03,61.2448138937
2008-03-04,61.8644980685
2008-03-05,62.3139227724
2008-03-06,61.9695413275
2008-03-07,62.9811168852
2008-03-10,64.3675705442
2008-03-11,64.1437838428
2008-03-12,64.2309802592
2008-03-13,64.6754525728
2008-03-14,66.1216806017
2008-03-17,66.0117492223
2008-03-18,65.817406226
2008-03-19,65.5127120437
2008-03-20,64.4729420723
2008-03-24,64.5347911909
2008-03-25,64.6795914276
2008-03-26,65.0012740358
2008-03-27,65.6745379976
2008-03-28,65.6674964541
2008-03-31,65.2397742279
2008-04-01,64.6182947207
2008-04-02,63.5378784818
2008-04-03,63.807164495
2008-04-04,63.7029613426
2008-04-07,63.8901500794
2008-04-08,63.8285492476
2008-04-09,63.5315958711
2008-04-10,63.7391138316
2008-04-11,64.3110057644
2008-04-14,64.3685322559
2008-04-15,64.1468573169
2008-04-16,64.2005563415
2008-04-17,64.7134615702
2008-04-18,64.7349159592
2008-04-21,65.3664328201
2008-04-22,64.3415368935
2008-04-23,63.8389100118
2008-04-24,64.5070469899
2008-04-25,64.6701452263
2008-04-28,64.4164958816
2008-04-29,64.1566121289
2008-04-30,63.5478290484
2008-05-01,63.8273007574
2008-05-02,64.3443437961
2008-05-05,64.9902481043
2008-05-06,64.661388676
2008-05-07,64.8657023051
2008-05-08,64.9207818134
2008-05-09,64.7068708496
2008-05-12,65.2903217378
2008-05-13,64.9411267289
2008-05-14,65.1219662315
2008-05-15,65.2276527163
2008-05-16,65.5698990523
2008-05-19,65.3844578279
2008-05-20,64.6217939634
2008-05-21,64.0240785443
2008-05-22,63.5882841682
2008-05-23,63.2853776886
2008-05-27,63.4206390359
2008-05-28,62.7974981415
2008-05-29,62.9879562251
2008-05-30,63.2783390705
2008-06-02,63.2791823466
2008-06-03,63.7251878823
2008-06-04,64.2279017785
2008-06-05,63.8400339689
2008-06-06,64.4212558327
2008-06-09,64.1545065232
2008-06-10,64.5993301753
2008-06-11,64.2114687494
2008-06-12,64.0098551258
2008-06-13,63.9467282371
2008-06-16,64.3870479011
2008-06-17,64.3422742276
2008-06-18,63.9727147427
2008-06-19,63.8801465104
2008-06-20,65.0002535975
2008-06-23,64.6522512774
2008-06-24,64.0481099078
2008-06-25,64.5806262377
2008-06-26,64.5825439127
2008-06-27,64.2333122089
2008-06-30,64.7407500815
2008-07-01,64.4554860689
2008-07-02,63.3406520957
2008-07-03,62.9138876426
2008-07-07,62.5591446947
2008-07-08,61.147414027
2008-07-09,62.9531178541
2008-07-10,63.8266528528
2008-07-11,63.2381795007
2008-07-14,63.4243216456
2008-07-15,62.3767900764
2008-07-16,62.0362099736
2008-07-17,61.9761637931
2008-07-18,61.9715762984
2008-07-21,61.8678095621
2008-07-22,61.0674898607
2008-07-23,62.4609201495
2008-07-24,63.2500275444
2008-07-25,62.9560153829
2008-07-28,62.1690883507
2008-07-29,62.0310420662
2008-07-30,60.9552485913
2008-07-31,62.0374163449
2008-08-01,61.8729406236
2008-08-04,60.5185917051
2008-08-05,60.7102319253
2008-08-06,60.40013757
2008-08-07,60.9141942005
2008-08-08,61.5432947343
2008-08-11,61.2166394589
2008-08-12,61.5567073514
2008-08-13,61.7221010199
2008-08-14,61.7472656995
2008-08-15,61.3517027045
2008-08-18,61.4423706709
2008-08-19,61.0030073106
2008-08-20,60.2860346406
2008-08-21,60.3325068889
2008-08-22,60.3249108035
2008-08-25,60.5480275007
2008-08-26,60.3248192166
2008-08-27,59.7827669534
2008-08-28,59.4966498438
2008-08-29,59.4461370063
2008-09-02,59.8937772902
2008-09-03,59.8673078427
2008-09-04,58.709090562
2008-09-05,59.0164961519
2008-09-08,59.5985329073
2008-09-09,59.5855497211
2008-09-10,59.5517348838
2008-09-11,59.0324813997
2008-09-12,59.3733885403
2008-09-15,59.8589205899
2008-09-16,60.3708567954
2008-09-17,59.7403979242
2008-09-18,59.4156187927
2008-09-19,59.7571628643
2008-09-22,59.6577539484
2008-09-23,58.9516087221
2008-09-24,58.6753610904
2008-09-25,58.9076299763
2008-09-26,59.5813093103
2008-09-29,59.2314997006
2008-09-30,59.1048143516
2008-10-01,59.8571283553
2008-10-02,60.1846292402
2008-10-03,59.5930602112
2008-10-06,60.3476154024
2008-10-07,59.5823706826
2008-10-08,58.5498239902
2008-10-09,60.5451313838
2008-10-10,59.969100513
2008-10-13,61.8056906912
2008-10-14,62.8796323843
2008-10-15,62.8999810647
2008-10-16,62.2055872779
2008-10-17,61.7464809288
2008-10-20,62.3727595226
2008-10-21,62.956099513
2008-10-22,63.8041447121
2008-10-23,64.3261978337
2008-10-24,64.605910614
2008-10-27,64.3305528966
2008-10-28,62.2800496465
2008-10-29,61.7433419907
2008-10-30,61.0724773048
2008-10-31,61.3601876505
2008-11-03,61.1514097105
2008-11-04,60.8444489175
2008-11-05,60.98568434
2008-11-06,61.3335102097
2008-11-07,61.5326764223
2008-11-10,61.5490035498
2008-11-11,62.0530642671
2008-11-12,61.9026676999
2008-11-13,62.3214980833
2008-11-14,62.7820038485
2008-11-17,63.0617257055
2008-11-18,63.8250721964
2008-11-19,63.5834745623
2008-11-20,64.2013487304
2008-11-21,62.7673510204
2008-11-24,63.2400336939
2008-11-25,61.8651712544
2008-11-26,62.2470851495
2008-11-28,62.2097912633
2008-12-01,62.4513357743
2008-12-02,61.6989820897
2008-12-03,61.8600211269
2008-12-04,61.5659859854
2008-12-05,61.3980130697
2008-12-08,61.1220444514
2008-12-09,61.3066861818
2008-12-10,61.3235911334
2008-12-11,61.0516657334
2008-12-12,61.0043600194
2008-12-15,61.0121449327
2008-12-16,60.6415171844
2008-12-17,60.5463274123
2008-12-18,60.4595425672
2008-12-19,60.5337357205
2008-12-22,60.5595228633
2008-12-23,60.7563343728
2008-12-24,60.8736929484
2008-12-26,60.746337077
2008-12-29,60.5882260767
2008-12-30,60.5694852037
2008-12-31,60.3296742762
2009-01-02,60.6208526809
2009-01-05,60.7569223023
2009-01-06,60.6872170238
2009-01-07,60.9674298373
2009-01-08,61.2738418739
2009-01-09,60.8209960505
2009-01-12,60.3455579458
2009-01-13,60.5639044078
2009-01-14,59.9467810879
2009-01-15,59.9682314108
2009-01-16,60.4195647211
2009-01-20,60.0752015821
2009-01-21,59.9379114384
2009-01-22,60.217272345
2009-01-23,59.9803850296
2009-01-26,60.0100389103
2009-01-27,60.1244266432
2009-01-28,60.1352073627
2009-01-29,59.9146267365
2009-01-30,60.1956321021
2009-02-02,59.3008045395
2009-02-03,60.2421813403
2009-02-04,60.2472443697
2009-02-05,60.3559531564
2009-02-06,60.2579883572
2009-02-09,60.5799805381
2009-02-10,60.5263460914
2009-02-11,59.8117068117
2009-02-12,59.6697960286
2009-02-13,58.6599101066
2009-02-17,58.7599260127
2009-02-18,58.5154083591
2009-02-19,58.6430889353
2009-02-20,58.4121517389
2009-02-23,58.5915025161
2009-02-24,58.2718399622
2009-02-25,57.6146108827
2009-02-26,57.0487514589
2009-02-27,56.895489751
2009-03-02,56.4422609643
2009-03-03,57.1871787062
2009-03-04,57.68909705
2009-03-05,57.6731075855
2009-03-06,57.4572807496
2009-03-09,57.7754455397
2009-03-10,58.3055231579
2009-03-11,57.5987352149
2009-03-12,57.9585724573
2009-03-13,57.640894169
2009-03-16,57.1363024565
2009-03-17,57.4013654269
2009-03-18,57.3141623487
2009-03-19,57.4606026528
2009-03-20,57.2339499194
2009-03-23,57.7341792108
2009-03-24,57.737881428
2009-03-25,57.5434871774
2009-03-26,58.098016315
2009-03-27,57.883696581
2009-03-30,57.6733327687
2009-03-31,58.2135564283
2009-04-01,58.2523598551
2009-04-02,59.0857566541
2009-04-03,58.9507591076
2009-04-06,58.73160365
2009-04-07,59.2885934558
2009-04-08,59.7545165066
2009-04-09,60.4349185898
2009-04-13,61.4182566382
2009-04-14,60.9572348081
2009-04-15,61.3854208732
2009-04-16,62.6004777328
2009-04-17,62.2927970612
2009-04-20,62.1974927958
2009-04-21,63.3682256172
2009-04-22,62.265338875
2009-04-23,63.043323329
2009-04-24,62.8425836229
2009-04-27,62.937911757
2009-04-28,63.6277956806
2009-04-29,65.7393430416
2009-04-30,67.046921602
2009-05-01,68.4157176429
2009-05-04,64.6383109791
2009-05-05,65.094552015
2009-05-06,64.9661429759
2009-05-07,64.9142343565
2009-05-08,65.6924153169
2009-05-11,65.5653237615
2009-05-12,65.3309247626
2009-05-13,66.1927142172
2009-05-14,66.5071617561
2009-05-15,66.5971678583
2009-05-18,67.4924853597
2009-05-19,68.9145328239
2009-05-20,69.0461153183
2009-05-21,69.4249294219
2009-05-22,67.9860190968
2009-05-26,69.5083691875
2009-05-27,69.5665168112
2009-05-28,69.4974441656
2009-05-29,68.8184941038
2009-06-01,68.8935183685
2009-06-02,68.8510892093
2009-06-03,69.2470363382
2009-06-04,69.1058025024
2009-06-05,68.7719191745
2009-06-08,69.5935184773
2009-06-09,69.8421956117
2009-06-10,70.8643636062
2009-06-11,70.7531991907
2009-06-12,70.5513037855
2009-06-15,70.5818874656
2009-06-16,70.4359921742
2009-06-17,70.1697907197
2009-06-18,71.0243489689
2009-06-19,70.8807900029
2009-06-22,70.9875755309
2009-06-23,71.3845493816
2009-06-24,70.2893305131
2009-06-25,71.2666744897
2009-06-26,70.7327247791
2009-06-29,70.5518020831
2009-06-30,71.60993983
2009-07-01,71.4733391797
2009-07-02,71.3640617059
2009-07-06,71.5471343456
2009-07-07,70.7326774829
2009-07-08,70.5312473152
2009-07-09,70.2668510956
2009-07-10,70.8738425733
2009-07-13,70.9805529546
2009-07-14,72.2772147598
2009-07-15,72.6480313398
2009-07-16,72.8877621497
2009-07-17,72.7701211043
2009-07-20,72.9826518841
2009-07-21,74.3746649875
2009-07-22,74.3493677971
2009-07-23,74.9964532198
2009-07-24,75.3429894767
2009-07-27,76.5246405973
2009-07-28,77.5618666646
2009-07-29,76.6962272767
2009-07-30,77.610248336
2009-07-31,77.705848018
2009-08-03,78.0960183433
2009-08-04,78.9809528426
2009-08-05,79.8630003961
2009-08-06,80.0401125284
2009-08-07,81.3753197716
2009-08-10,82.1204834996
2009-08-11,82.5729061142
2009-08-12,83.2505649109
2009-08-13,84.5905575361
2009-08-14,84.821296068
2009-08-17,84.0555574908
2009-08-18,84.291582222
2009-08-19,84.408662198
2009-08-20,84.8157087053
2009-08-21,85.0755111964
2009-08-24,86.0947507538
2009-08-25,86.7385735742
2009-08-26,87.8008339708
2009-08-27,88.9616121042
2009-08-28,89.3680914369
2009-08-31,89.0050485405
2009-09-01,90.2841689336
2009-09-02,90.5907213274
2009-09-03,91.1156976246
2009-09-04,90.9099008523
2009-09-08,92.0928171563
2009-09-09,92.4320886474
2009-09-10,93.0560276411
2009-09-11,93.9271990876
2009-09-14,93.4177078661
2009-09-15,94.2542144356
2009-09-16,94.1316528369
2009-09-17,94.4313001841
2009-09-18,95.8842706449
2009-09-21,95.7813734412
2009-09-22,96.0631765432
2009-09-23,95.7792152734
2009-09-24,95.2315017965
2009-09-25,95.3645733388
2009-09-28,95.6088688987
2009-09-29,95.425157153
2009-09-30,95.1575338881
2009-10-01,94.0894973131
2009-10-02,93.5511921108
2009-10-05,94.7140460441
2009-10-06,95.6923081325
2009-10-07,95.2012159673
2009-10-08,95.5415493739
2009-10-09,95.8703342982
2009-10-12,95.8508165536
2009-10-13,95.0432721521
2009-10-14,94.6916970631
2009-10-15,95.0891241029
2009-10-16,95.6377100809
2009-10-19,94.5073538143
2009-10-20,94.3140074773
2009-10-21,94.7318408225
2009-10-22,94.9203124507
2009-10-23,95.1227993962
2009-10-26,94.7692891894
2009-10-27,94.6105961064
2009-10-28,95.8180612945
2009-10-29,96.2477844239
2009-10-30,96.4914203165
2009-11-02,93.60471451
2009-11-03,94.3958430852
2009-11-04,94.8860840494
2009-11-05,95.5972175345
2009-11-06,95.9024541221
2009-11-09,95.9769585262
2009-11-10,96.0165751529
2009-11-11,96.9828473146
2009-11-12,97.0593158918
2009-11-13,97.5373834765
2009-11-16,97.4379666075
2009-11-17,97.8418682456
2009-11-18,97.6417192278
2009-11-19,98.4883211452
2009-11-20,98.6971939489
2009-11-23,98.4788051411
2009-11-24,98.1232782624
2009-11-25,98.424264819
2009-11-27,98.0223536661
2009-11-30,97.7005634438
2009-12-01,98.5920396344
2009-12-02,97.6118350939
2009-12-03,97.4668568484
2009-12-04,98.2652604659
2009-12-07,98.0558154278
2009-12-08,98.3367226796
2009-12-09,97.813544859
2009-12-10,98.9613708504
2009-12-11,98.3005911823
2009-12-14,98.0973666727
2009-12-15,97.1837021701
2009-12-16,95.9904188663
2009-12-17,96.3879795222
2009-12-18,96.8296014986
2009-12-21,96.7480005611
2009-12-22,97.1464066781
2009-12-23,97.4052739903
2009-12-24,97.8467885521
2009-12-28,98.1923266534
2009-12-29,98.6451931348
2009-12-30,97.8215207552
2009-12-31,98.0159163041
2010-01-04,97.2296920632
2010-01-05,96.9830502366
2010-01-06,96.9834463511
2010-01-07,96.6336793292
2010-01-08,96.3946765322
2010-01-11,96.5697510946
2010-01-12,96.8663917846
2010-01-13,97.0901428488
2010-01-14,97.0805759517
2010-01-15,97.5507832229
2010-01-19,97.2172478977
2010-01-20,97.8296532142
2010-01-21,98.3562500217
2010-01-22,97.851754077
2010-01-25,97.6515850796
2010-01-26,97.7933358525
2010-01-27,97.1484006093
2010-01-28,97.3161951521
2010-01-29,97.1920132677
2010-02-01,97.1937165799
2010-02-02,97.5938389874
2010-02-03,97.765966226
2010-02-04,97.6238602485
2010-02-05,97.8637067665
2010-02-08,98.0276611521
2010-02-09,97.7457102397
2010-02-10,97.6016274565
2010-02-11,97.9389424838
2010-02-12,97.7294566217
2010-02-16,98.251935276
2010-02-17,98.364162946
2010-02-18,98.1608474674
2010-02-19,97.9352632798
2010-02-22,98.3905962084
2010-02-23,98.7666652885
2010-02-24,99.1338223974
2010-02-25,99.151042035
2010-02-26,99.0940993156
2010-03-01,98.7983531513
2010-03-02,98.90145896
2010-03-03,99.0953578507
2010-03-04,99.4371641206
2010-03-05,99.8530570316
2010-03-08,99.7761352772
2010-03-09,99.7898201208
2010-03-10,99.7524549224
2010-03-11,100.125834031
2010-03-12,100.705249922
2010-03-15,100.784560014
2010-03-16,101.109706649
2010-03-17,101.775022901
2010-03-18,102.206594692
2010-03-19,103.72160358
2010-03-22,103.423514948
2010-03-23,103.053460956
2010-03-24,103.081468441
2010-03-25,103.978131118
2010-03-26,102.541141949
2010-03-29,102.387925902
2010-03-30,101.854568318
2010-03-31,101.724832895
2010-04-01,102.435651236
2010-04-05,102.227354049
2010-04-06,102.711614755
2010-04-07,103.335407628
2010-04-08,103.59825432
2010-04-09,103.148095139
2010-04-12,103.614848139
2010-04-13,104.901072218
2010-04-14,105.005441375
2010-04-15,105.154720821
2010-04-16,104.717604409
2010-04-19,105.163754327
2010-04-20,106.096805782
2010-04-21,107.82283067
2010-04-22,108.047049401
2010-04-23,107.534070377
2010-04-26,106.749835981
2010-04-27,105.790952653
2010-04-28,107.427360908
2010-04-29,106.186374385
2010-04-30,106.550914216
2010-05-03,106.697425026
2010-05-04,105.498737896
2010-05-05,104.393955934
2010-05-06,102.981372758
2010-05-07,102.698914746
2010-05-10,103.129894543
2010-05-11,102.905035254
2010-05-12,102.221764607
2010-05-13,102.691834361
2010-05-14,103.555268781
2010-05-17,103.613791333
2010-05-18,103.355874432
2010-05-19,102.433599499
2010-05-20,102.19932488
2010-05-21,101.436794517
2010-05-24,102.112686787
2010-05-25,101.888109411
2010-05-26,101.851705849
2010-05-27,101.759820956
2010-05-28,101.796635686
2010-06-01,101.362488149
2010-06-02,100.689755974
2010-06-03,100.694270771
2010-06-04,100.946599924
2010-06-07,101.133894706
2010-06-08,101.27760686
2010-06-09,101.013692747
2010-06-10,100.78869901
2010-06-11,101.093492276
2010-06-14,100.087162482
2010-06-15,99.9562876533
2010-06-16,99.9298522136
2010-06-17,99.9183389407
2010-06-18,99.7132201524
2010-06-21,99.6524097135
2010-06-22,99.7090906239
2010-06-23,99.4118346463
2010-06-24,99.3633883641
2010-06-25,99.6643248455
2010-06-28,99.8499948129
2010-06-29,99.7538696845
2010-06-30,100.111128253
2010-07-01,99.9581915096
2010-07-02,99.7762942435
2010-07-06,99.8151137288
2010-07-07,99.9182646949
2010-07-08,99.7190780946
2010-07-09,99.5499673019
2010-07-12,99.9632052138
2010-07-13,99.7175040503
2010-07-14,99.5023760734
2010-07-15,99.4554363057
2010-07-16,99.6101737428
2010-07-19,99.8899452626
2010-07-20,100.344404557
2010-07-21,100.741516153
2010-07-22,101.258444223
2010-07-23,101.004703443
2010-07-26,101.413474884
2010-07-27,101.599178947
2010-07-28,101.084339148
2010-07-29,100.486413931
2010-07-30,100.249083467
2010-08-02,100.111295157
2010-08-03,100.083403686
2010-08-04,100.018457109
2010-08-05,99.8937213457
2010-08-06,99.8898676474
2010-08-09,100.292282008
2010-08-10,100.602974322
2010-08-11,100.769347092
2010-08-12,101.10286507
2010-08-13,101.296208536
2010-08-16,101.714936204
2010-08-17,101.176033562
2010-08-18,101.067509022
2010-08-19,101.379861315
2010-08-20,101.46800839
2010-08-23,102.343801678
2010-08-24,102.352192377
2010-08-25,103.023382044
2010-08-26,103.184722711
2010-08-27,103.357026048
2010-08-30,104.245502428
2010-08-31,103.514796936
2010-09-01,102.483669778
2010-09-02,102.147021123
2010-09-03,103.20118131
2010-09-07,102.215599383
2010-09-08,102.044915522
2010-09-09,101.757949362
2010-09-10,101.797393555
2010-09-13,102.411790386
2010-09-14,102.39859049
2010-09-15,102.979434631
2010-09-16,103.435198842
2010-09-17,103.210192909
2010-09-20,103.167198168
2010-09-21,103.795922643
2010-09-22,104.186031102
2010-09-23,104.328524866
2010-09-24,104.223088995
2010-09-27,104.422185803
2010-09-28,104.213159272
2010-09-29,103.635824348
2010-09-30,103.85135625
2010-10-01,103.578879512
2010-10-04,103.599235032
2010-10-05,102.596570586
2010-10-06,102.886814447
2010-10-07,103.214365699
2010-10-08,103.675620215
2010-10-11,103.597736631
2010-10-12,104.103039241
2010-10-13,105.082595316
2010-10-14,105.828273132
2010-10-15,105.213758745
2010-10-18,104.029730866
2010-10-19,105.085958392
2010-10-20,105.550713495
2010-10-21,105.660619681
2010-10-22,106.622282478
2010-10-25,106.140996359
2010-10-26,105.826616054
2010-10-27,106.476682754
2010-10-28,106.941307472
2010-10-29,107.188384388
2010-11-01,107.593297015
2010-11-02,108.222210908
2010-11-03,108.516465471
2010-11-04,108.31992791
2010-11-05,108.654252204
2010-11-08,108.602857848
2010-11-09,107.725756011
2010-11-10,107.362839295
2010-11-11,107.288483094
2010-11-12,107.20463482
2010-11-15,106.41826561
2010-11-16,106.969129668
2010-11-17,107.863505849
2010-11-18,108.326713766
2010-11-19,108.866196974
2010-11-22,108.086066685
2010-11-23,108.609237655
2010-11-24,108.749364806
2010-11-26,108.478717597
2010-11-29,108.503147164
2010-11-30,109.331396571
2010-12-01,108.885442095
2010-12-02,108.782247963
2010-12-03,108.807960512
2010-12-06,108.963915841
2010-12-07,108.044638461
2010-12-08,107.120508541
2010-12-09,107.005582842
2010-12-10,106.923084737
2010-12-13,106.927558169
2010-12-14,106.920478791
2010-12-15,106.947336872
2010-12-16,106.595232486
2010-12-17,106.025044643
2010-12-20,105.980699182
2010-12-21,105.429579048
2010-12-22,105.746538839
2010-12-23,105.480875452
2010-12-27,105.546543111
2010-12-28,105.744150237
2010-12-29,105.80486676
2010-12-30,105.20353764
2010-12-31,105.188259087
2011-01-03,104.145711087
2011-01-04,104.45191737
2011-01-05,104.657858848
2011-01-06,104.373646246
2011-01-07,104.248205588
2011-01-10,105.036855059
2011-01-11,105.310420453
2011-01-12,105.37127516
2011-01-13,106.108507674
2011-01-14,106.631693613
2011-01-18,106.124401427
2011-01-19,105.640900432
2011-01-20,105.399401104
2011-01-21,105.989002228
2011-01-24,105.717335494
2011-01-25,106.132984348
2011-01-26,106.949589951
2011-01-27,106.278365621
2011-01-28,107.597307848
2011-01-31,107.835538058
2011-02-01,108.823899094
2011-02-02,108.813685589
2011-02-03,109.168458444
2011-02-04,109.001153412
2011-02-07,108.895510831
2011-02-08,108.53008135
2011-02-09,108.848733284
2011-02-10,108.651820186
2011-02-11,109.622425628
2011-02-14,108.722592534
2011-02-15,109.649372733
2011-02-16,110.564929132
2011-02-17,111.02769115
2011-02-18,110.999787993
2011-02-22,111.559404881
2011-02-23,111.554327907
2011-02-24,112.689971021
2011-02-25,112.70041869
2011-02-28,112.461380608
2011-03-01,112.887222989
2011-03-02,112.62940312
2011-03-03,113.255829524
2011-03-04,112.738043136
2011-03-07,111.714045935
2011-03-08,111.052497784
2011-03-09,109.593413631
2011-03-10,109.701465632
2011-03-11,109.689730324
2011-03-14,109.008091123
2011-03-15,108.472890355
2011-03-16,109.350411836
2011-03-17,108.959600433
2011-03-18,109.685968732
2011-03-21,109.77523888
2011-03-22,109.383941605
2011-03-23,109.348995029
2011-03-24,109.909671712
2011-03-25,109.840315798
2011-03-28,110.008442293
2011-03-29,110.47113252
2011-03-30,110.922669059
2011-03-31,111.157514386
2011-04-01,111.589876509
2011-04-04,111.703121714
2011-04-05,111.357977254
2011-04-06,111.650710558
2011-04-07,111.791971875
2011-04-08,112.226848915
2011-04-11,111.965054243
2011-04-12,112.527868888
2011-04-13,112.874269355
2011-04-14,113.221048011
2011-04-15,112.518398115
2011-04-18,112.678197083
2011-04-19,113.011927518
2011-04-20,112.848728535
2011-04-21,112.402703127
2011-04-25,113.194352263
2011-04-26,114.066603294
2011-04-27,114.569396648
2011-04-28,114.637422657
2011-04-29,115.412039357
2011-05-02,114.872229689
2011-05-03,114.962688392
2011-05-04,114.723658129
2011-05-05,115.319010658
2011-05-06,116.279606794
2011-05-09,116.64864717
2011-05-10,117.004606456
2011-05-11,118.219507943
2011-05-12,118.867450431
2011-05-13,118.755668215
2011-05-16,118.80634637
2011-05-17,118.991002775
2011-05-18,118.948495371
2011-05-19,118.922920839
2011-05-20,118.692970263
2011-05-23,118.642336459
2011-05-24,117.919859525
2011-05-25,117.966432576
2011-05-26,117.616199357
2011-05-27,117.775629527
2011-05-31,119.585882506
2011-06-01,118.007607563
2011-06-02,117.6961881
2011-06-03,117.690635476
2011-06-06,118.19911574
2011-06-07,119.2086754
2011-06-08,119.870715329
2011-06-09,118.738819816
2011-06-10,118.652657037
2011-06-13,118.527330236
2011-06-14,118.815739027
2011-06-15,118.882049457
2011-06-16,117.812416053
2011-06-17,119.035548064
2011-06-20,118.647164211
2011-06-21,119.265985209
2011-06-22,119.042982596
2011-06-23,119.508202256
2011-06-24,119.637418383
2011-06-27,120.197426935
2011-06-28,118.650344431
2011-06-29,118.271822844
2011-06-30,118.679306012
2011-07-01,120.274460587
2011-07-05,121.481248105
2011-07-06,120.399579648
2011-07-07,121.154862509
2011-07-08,121.921010571
2011-07-11,122.861315609
2011-07-12,122.789268683
2011-07-13,123.329656127
2011-07-14,123.188452612
2011-07-15,123.469538045
2011-07-18,123.277762838
2011-07-19,122.568320431
2011-07-20,122.870929696
2011-07-21,121.767848015
2011-07-22,121.531412474
2011-07-25,121.111336349
2011-07-26,121.798893928
2011-07-27,121.020804878
2011-07-28,120.702294754
2011-07-29,121.711379722
2011-08-01,121.883026644
2011-08-02,121.32068686
2011-08-03,121.51245545
2011-08-04,123.183128484
2011-08-05,123.095008847
2011-08-08,125.471916905
2011-08-09,128.07104694
2011-08-10,129.218464732
2011-08-11,129.495726798
2011-08-12,128.945006311
2011-08-15,130.187871376
2011-08-16,130.768565179
2011-08-17,132.694510404
2011-08-18,133.357576123
2011-08-19,133.772831025
2011-08-22,134.305113267
2011-08-23,133.980267163
2011-08-24,133.450532588
2011-08-25,132.999000001
2011-08-26,131.529061721
2011-08-29,131.83249659
2011-08-30,131.84285788
2011-08-31,132.795505175
2011-09-01,133.951972091
2011-09-02,134.948652378
2011-09-06,133.202719177
2011-09-07,133.730587294
2011-09-08,133.416143125
2011-09-09,133.587411719
2011-09-12,133.224435554
2011-09-13,133.151574094
2011-09-14,133.126958401
2011-09-15,134.043590776
2011-09-16,135.427975082
2011-09-19,136.249089459
2011-09-20,136.768079563
2011-09-21,137.19160151
2011-09-22,137.302835122
2011-09-23,136.623901907
2011-09-26,136.856121951
2011-09-27,136.469030336
2011-09-28,136.195282712
2011-09-29,137.08359471
2011-09-30,137.891674332
2011-10-03,137.98136338
2011-10-04,136.533772225
2011-10-05,136.420177872
2011-10-06,137.781308469
2011-10-07,138.002928753
2011-10-10,137.506760355
2011-10-11,136.619869111
2011-10-12,136.698222828
2011-10-13,136.770051612
2011-10-14,137.230651482
2011-10-17,136.520799521
2011-10-18,136.787492281
2011-10-19,136.881324726
2011-10-20,137.455165183
2011-10-21,136.768315464
2011-10-24,136.605011912
2011-10-25,136.661109214
2011-10-26,136.827507848
2011-10-27,135.70592256
2011-10-28,135.664019528
2011-10-31,135.679021609
2011-11-01,136.155521872
2011-11-02,135.79659235
2011-11-03,136.001804539
2011-11-04,135.638128897
2011-11-07,135.453750034
2011-11-08,135.043416933
2011-11-09,135.631934236
2011-11-10,135.799514778
2011-11-11,135.63185881
2011-11-14,136.107970458
2011-11-15,135.959426574
2011-11-16,136.310115494
2011-11-17,136.775699307
2011-11-18,136.782007637
2011-11-21,136.323158537
2011-11-22,136.577815731
2011-11-23,136.621331045
2011-11-25,136.296290933
2011-11-28,136.979425363
2011-11-29,137.190538739
2011-11-30,136.961399881
2011-12-01,136.494949258
2011-12-02,137.800381493
2011-12-05,138.077873454
2011-12-06,138.016592786
2011-12-07,138.099072682
2011-12-08,138.278462593
2011-12-09,138.001053895
2011-12-12,138.02659149
2011-12-13,138.288494321
2011-12-14,138.805902178
2011-12-15,138.495964368
2011-12-16,139.128725692
2011-12-19,139.255740274
2011-12-20,139.655003794
2011-12-21,139.046093956
2011-12-22,139.388549606
2011-12-23,139.770830905
2011-12-27,139.944495477
2011-12-28,139.907485568
2011-12-29,139.009737118
2011-12-30,138.440906602
2012-01-03,138.568643034
2012-01-04,138.210853047
2012-01-05,138.31647387
2012-01-06,138.064194048
2012-01-09,138.252188088
2012-01-10,138.26007129
2012-01-11,138.31497702
2012-01-12,138.269163084
2012-01-13,138.43867893
2012-01-17,138.72990005
2012-01-18,139.807397296
2012-01-19,139.263595284
2012-01-20,138.895394749
2012-01-23,139.952855099
2012-01-24,138.503560176
2012-01-25,138.928096336
2012-01-26,138.762118352
2012-01-27,138.972364893
2012-01-30,138.680195488
2012-01-31,139.218629572
2012-02-01,137.874717857
2012-02-02,137.744690898
2012-02-03,137.631836655
2012-02-06,137.089391679
2012-02-07,137.02949351
2012-02-08,136.822955101
2012-02-09,136.995101082
2012-02-10,137.577687715
2012-02-13,137.906813196
2012-02-14,137.005091312
2012-02-15,136.928156282
2012-02-16,137.330935221
2012-02-17,137.046466225
2012-02-21,137.048583894
2012-02-22,136.73361049
2012-02-23,137.014937343
2012-02-24,137.364708278
2012-02-27,137.698587474
2012-02-28,137.802486329
2012-02-29,138.165305815
2012-03-01,137.788090056
2012-03-02,139.025411569
2012-03-05,138.325094803
2012-03-06,138.541775596
2012-03-07,138.94076038
2012-03-08,139.016483805
2012-03-09,138.634059392
2012-03-12,139.454497375
2012-03-13,140.078032837
2012-03-14,140.218862982
2012-03-15,139.84852232
2012-03-16,140.102177617
2012-03-19,139.99494341
2012-03-20,139.992808064
2012-03-21,140.195301022
2012-03-22,139.820309007
2012-03-23,140.941565114
2012-03-26,140.647309628
2012-03-27,141.155649797
2012-03-28,140.726342163
2012-03-29,141.129982218
2012-03-30,141.295828794
2012-04-02,141.383745364
2012-04-03,141.094927433
2012-04-04,141.726970229
2012-04-05,140.691202998
2012-04-09,139.764268122
2012-04-10,140.421899426
2012-04-11,140.249370884
2012-04-12,140.005846772
2012-04-13,140.115710778
2012-04-16,140.981891957
2012-04-17,141.215335623
2012-04-18,141.387566332
2012-04-19,141.399206355
2012-04-20,140.545193325
2012-04-23,140.196249522
2012-04-24,140.628504381
2012-04-25,141.168682168
2012-04-26,141.132772269
2012-04-27,140.869731243
2012-04-30,141.237925401
2012-05-01,141.582807843
2012-05-02,141.747789065
2012-05-03,141.196374769
2012-05-04,141.747047534
2012-05-07,141.309669313
2012-05-08,140.757701942
2012-05-09,141.27014533
2012-05-10,141.354775786
2012-05-11,140.953807343
2012-05-14,141.210233672
2012-05-15,141.641573931
2012-05-16,140.985453176
2012-05-17,139.935565111
2012-05-18,140.023060239
2012-05-21,140.285316148
2012-05-22,141.096882349
2012-05-23,141.763354366
2012-05-24,141.492220708
2012-05-25,141.176439149
2012-05-29,140.756881121
2012-05-30,140.163971581
2012-05-31,140.01480123
2012-06-01,140.911043946
2012-06-04,140.691515767
2012-06-05,140.831729336
2012-06-06,140.901806327
2012-06-07,140.890096851
2012-06-08,141.31379359
2012-06-11,141.138409652
2012-06-12,141.507621661
2012-06-13,142.297397511
2012-06-14,142.225684827
2012-06-15,143.607068316
2012-06-18,142.853633277
2012-06-19,142.480251177
2012-06-20,142.278231895
2012-06-21,142.619445308
2012-06-22,142.749128836
2012-06-25,142.936425297
2012-06-26,142.455359547
2012-06-27,142.163270686
2012-06-28,142.255690809
2012-06-29,142.793089066
2012-07-02,142.123601737
2012-07-03,141.778201833
2012-07-05,141.975290398
2012-07-06,142.077656658
2012-07-09,142.357997379
2012-07-10,142.676914385
2012-07-11,142.973269064
2012-07-12,143.388225409
2012-07-13,143.651413876
2012-07-16,144.142599488
2012-07-17,143.341027061
2012-07-18,143.002865457
2012-07-19,142.666503845
2012-07-20,142.328439946
2012-07-23,142.014522652
2012-07-24,142.192616606
2012-07-25,141.132519704
2012-07-26,141.455450422
2012-07-27,141.191779212
2012-07-30,140.030378796
2012-07-31,139.978369012
2012-08-01,139.951729833
2012-08-02,140.374061128
2012-08-03,139.644818645
2012-08-06,138.627936082
2012-08-07,138.591224305
2012-08-08,137.85960564
2012-08-09,138.137589757
2012-08-10,137.957960784
2012-08-13,138.123225742
2012-08-14,137.811926322
2012-08-15,137.361558368
2012-08-16,137.116509566
2012-08-17,137.053385792
2012-08-20,136.602151944
2012-08-21,136.605165878
2012-08-22,136.200710512
2012-08-23,136.41324323
2012-08-24,136.557308198
2012-08-27,136.503962751
2012-08-28,136.576599217
2012-08-29,136.555041578
2012-08-30,136.306147768
2012-08-31,137.083835595
2012-09-04,136.954132871
2012-09-05,137.456640116
2012-09-06,136.651967745
2012-09-07,136.614297068
2012-09-10,136.039879365
2012-09-11,135.452142543
2012-09-12,136.076984308
2012-09-13,135.596570613
2012-09-14,135.680069805
2012-09-17,135.939146006
2012-09-18,136.172184272
2012-09-19,136.78164933
2012-09-20,136.886330341
2012-09-21,137.042943282
2012-09-24,137.136972041
2012-09-25,137.431787757
2012-09-26,137.232308628
2012-09-27,137.151459162
2012-09-28,137.379851648
2012-10-01,137.541863612
2012-10-02,137.755079472
2012-10-03,138.247657896
2012-10-04,138.471732503
2012-10-05,138.556596464
2012-10-08,137.848643207
2012-10-09,137.787303909
2012-10-10,137.796869385
2012-10-11,137.15510098
2012-10-12,137.378332533
2012-10-15,137.844129284
2012-10-16,138.115405917
2012-10-17,138.049009533
2012-10-18,137.577380693
2012-10-19,137.685823775
2012-10-22,136.853453267
2012-10-23,137.159958328
2012-10-24,136.770792933
2012-10-25,136.913462874
2012-10-26,136.858933205
2012-10-31,137.111459494
2012-11-01,136.514642628
2012-11-02,136.839205107
2012-11-05,137.390369434
2012-11-06,136.6329403
2012-11-07,135.90585354
2012-11-08,135.889443829
2012-11-09,136.146752094
2012-11-12,135.681145527
2012-11-13,134.498968165
2012-11-14,134.625793886
2012-11-15,134.629115396
2012-11-16,135.849077167
2012-11-19,136.393801232
2012-11-20,136.40079115
2012-11-21,137.349566944
2012-11-23,136.183251191
2012-11-26,135.398958249
2012-11-27,135.509300672
2012-11-28,135.35121682
2012-11-29,135.121469066
2012-11-30,135.049286733
2012-12-03,135.324036871
2012-12-04,135.884278609
2012-12-05,136.022273869
2012-12-06,136.365173017
2012-12-07,136.404873961
2012-12-10,136.122089277
2012-12-11,136.333221916
2012-12-12,136.556398138
2012-12-13,136.685695247
2012-12-14,136.314275094
2012-12-17,136.513802908
2012-12-18,136.599915082
2012-12-19,136.882098601
2012-12-20,136.724532897
2012-12-21,136.933186837
2012-12-24,137.351145866
2012-12-26,137.463048245
2012-12-27,137.509167697
2012-12-28,137.630947671
2012-12-31,137.63368211
2013-01-02,137.911197409
2013-01-03,137.904467855
2013-01-04,138.160944664
2013-01-07,138.181230112
2013-01-08,138.360095295
2013-01-09,138.046643685
2013-01-10,137.451488927
2013-01-11,137.448678255
2013-01-14,137.610106033
2013-01-15,137.386124878
2013-01-16,137.859035907
2013-01-17,137.809458385
2013-01-18,138.212368407
2013-01-22,138.102973172
2013-01-23,138.727129281
2013-01-24,138.485805129
2013-01-25,138.449674073
2013-01-28,138.928957143
2013-01-29,138.46612081
2013-01-30,138.159949172
2013-01-31,138.005359813
2013-02-01,137.776475493
2013-02-04,138.152413582
2013-02-05,137.682209697
2013-02-06,137.461756623
2013-02-07,137.195199994
2013-02-08,137.891582208
2013-02-11,138.438493555
2013-02-12,139.087870321
2013-02-13,138.893044998
2013-02-14,139.635840085
2013-02-15,140.305516289
2013-02-19,139.918211207
2013-02-20,139.200961055
2013-02-21,139.332030148
2013-02-22,137.236368106
2013-02-25,137.735814097
2013-02-26,139.16018777
2013-02-27,138.949663793
2013-02-28,138.459750803
2013-03-01,138.843871867
2013-03-04,139.391331077
2013-03-05,139.212966768
2013-03-06,139.230276075
2013-03-07,139.643093073
2013-03-08,139.809496721
2013-03-11,139.455787911
2013-03-12,141.060873743
2013-03-13,141.021781773
2013-03-14,141.555381756
2013-03-15,141.986043649
2013-03-18,142.477627425
2013-03-19,142.028421614
2013-03-20,141.882787986
2013-03-21,142.457875233
2013-03-22,142.183016417
2013-03-25,141.498606229
2013-03-26,141.622059794
2013-03-27,141.405986223
2013-03-28,140.934423122
2013-04-01,141.262283225
2013-04-02,140.70331983
2013-04-03,141.037009693
2013-04-04,140.203328361
2013-04-05,140.352055398
2013-04-08,140.139896615
2013-04-09,140.81108257
2013-04-10,141.618290036
2013-04-11,142.009755765
2013-04-12,140.266563524
2013-04-15,140.746315189
2013-04-16,140.072037766
2013-04-17,140.540495134
2013-04-18,141.736731389
2013-04-19,141.196451687
2013-04-22,141.890985494
2013-04-23,140.755499115
2013-04-24,141.075812388
2013-04-25,142.043532429
2013-04-26,142.35583252
2013-04-29,142.057988533
2013-04-30,142.878783244
2013-05-01,142.463761641
2013-05-02,141.657283452
2013-05-03,141.710941468
2013-05-06,142.791145158
2013-05-07,142.569412422
2013-05-08,141.690102323
2013-05-09,141.842933478
2013-05-10,142.265770519
2013-05-13,143.688199286
2013-05-14,144.877692247
2013-05-15,144.425947875
2013-05-16,143.911830928
2013-05-17,143.991836285
2013-05-20,144.29061555
2013-05-21,144.371826958
2013-05-22,144.411840052
2013-05-23,145.077433452
2013-05-24,143.889662219
2013-05-28,144.221177678
2013-05-29,144.127287976
2013-05-30,142.649452126
2013-05-31,143.247366151
2013-06-03,144.10582428
2013-06-04,142.392534028
2013-06-05,142.652363609
2013-06-06,144.945355888
2013-06-07,145.304622102
2013-06-10,145.476001159
2013-06-11,145.660171175
2013-06-12,145.866248955
2013-06-13,145.148444082
2013-06-14,145.247787927
2013-06-17,145.57660161
2013-06-18,145.037745318
2013-06-19,145.073431412
2013-06-20,145.22919329
2013-06-21,145.543784977
2013-06-24,145.824648163
2013-06-25,145.577542233
2013-06-26,146.114889626
2013-06-27,147.126879421
2013-06-28,147.766517994
2013-07-01,147.627646604
2013-07-02,148.002579149
2013-07-03,148.639389244
2013-07-05,149.300044543
2013-07-08,148.771576884
2013-07-09,148.745113138
2013-07-10,148.154388513
2013-07-11,148.987828928
2013-07-12,148.909992488
2013-07-15,148.829082045
2013-07-16,148.787052304
2013-07-17,148.755182345
2013-07-18,148.378645119
2013-07-19,148.701747907
2013-07-22,147.960253163
2013-07-23,148.525855933
2013-07-24,148.64907522
2013-07-25,148.894338829
2013-07-26,148.959366086
2013-07-29,149.063947074
2013-07-30,149.406383524
2013-07-31,149.056794355
2013-08-01,148.958977253
2013-08-02,149.202758949
2013-08-05,149.534201431
2013-08-06,148.594141299
2013-08-07,148.052286286
2013-08-08,147.218197378
2013-08-09,147.974034304
2013-08-12,148.646683435
2013-08-13,148.596427821
2013-08-14,147.5437833
2013-08-15,146.671577734
2013-08-16,146.677064453
2013-08-19,147.399858275
2013-08-20,146.795776237
2013-08-21,146.264696426
2013-08-22,146.071811297
2013-08-23,145.747811758
2013-08-26,144.633393863
2013-08-27,144.622329844
2013-08-28,145.440103989
2013-08-29,145.412708872
2013-08-30,146.182011516
2013-09-03,146.569880331
2013-09-04,146.627451574
2013-09-05,146.448139756
2013-09-06,146.70784125
2013-09-09,146.071816677
2013-09-10,146.538275296
2013-09-11,146.274488169
2013-09-12,146.344873869
2013-09-13,145.829480003
2013-09-16,146.222909627
2013-09-17,145.254597052
2013-09-18,145.125140293
2013-09-19,145.050734823
2013-09-20,144.56616597
2013-09-23,144.677804266
2013-09-24,144.784711354
2013-09-25,144.666968856
2013-09-26,144.800548281
2013-09-27,144.844051717
2013-09-30,145.432485543
2013-10-01,145.508020711
2013-10-02,146.257960782
2013-10-03,146.620920594
2013-10-04,146.362536405
2013-10-07,145.696912618
2013-10-08,145.597101188
2013-10-09,145.717933166
2013-10-10,146.1758463
2013-10-11,146.604670619
2013-10-14,146.718805467
2013-10-15,146.865560457
2013-10-16,146.935147099
2013-10-17,147.187808316
2013-10-18,147.201469524
2013-10-21,147.253897651
2013-10-22,146.665322567
2013-10-23,146.186440996
2013-10-24,146.215918234
2013-10-25,146.524620307
2013-10-28,146.735852488
2013-10-29,146.299998042
2013-10-30,147.052224972
2013-10-31,146.570070673
2013-11-01,147.140304764
2013-11-04,146.94867546
2013-11-05,146.720198077
2013-11-06,146.07856097
2013-11-07,146.472465697
2013-11-08,146.536444394
2013-11-11,147.495243095
2013-11-12,147.97043743
2013-11-13,148.476808324
2013-11-14,148.738298401
2013-11-15,148.817008233
2013-11-18,148.848472151
2013-11-19,148.981710073
2013-11-20,148.877740416
2013-11-21,149.261208877
2013-11-22,149.418447066
2013-11-25,149.13613316
2013-11-26,149.201220857
2013-11-27,149.216979917
2013-11-29,149.397690867
2013-12-02,148.940903965
2013-12-03,148.289396051
2013-12-04,148.055071949
2013-12-05,148.748156802
2013-12-06,148.884861027
2013-12-09,149.23684052
2013-12-10,148.633883113
2013-12-11,148.182549441
2013-12-12,148.090038881
2013-12-13,148.38471315
2013-12-16,148.131579732
2013-12-17,148.326348707
2013-12-18,148.263177616
2013-12-19,148.05250292
2013-12-20,148.433224926
2013-12-23,148.955075504
2013-12-24,149.524162387
2013-12-26,149.488229133
2013-12-27,149.322458679
2013-12-30,149.327746172
2013-12-31,148.995394686
2014-01-02,149.26882872
2014-01-03,148.874639426
2014-01-06,148.815391987
2014-01-07,149.053421324
2014-01-08,149.353229511
2014-01-09,149.594139355
2014-01-10,149.25766553
2014-01-13,150.228562557
2014-01-14,150.770342711
2014-01-15,150.666888377
2014-01-16,150.504441523
2014-01-17,149.959646829
2014-01-21,149.860769552
2014-01-22,149.352477154
2014-01-23,147.474381082
2014-01-24,147.063371628
2014-01-27,146.969287651
2014-01-28,147.114323988
2014-01-29,147.55937441
2014-01-30,147.531627786
2014-01-31,146.973095722
2014-02-03,146.109762808
2014-02-04,146.641171612
2014-02-05,146.262231901
2014-02-06,146.88501108
2014-02-07,147.195518326
2014-02-10,147.349888154
2014-02-11,147.429776652
2014-02-12,147.769850565
2014-02-13,147.704912152
2014-02-14,147.892051963
2014-02-18,148.230628467
2014-02-19,148.595504301
2014-02-20,148.336789779
2014-02-21,148.03253031
2014-02-24,148.005080065
2014-02-25,148.293598257
2014-02-26,148.020291072
2014-02-27,147.556463028
2014-02-28,147.335002601
2014-03-03,147.399578674
2014-03-04,147.759022867
2014-03-05,148.334896278
2014-03-06,148.214970642
2014-03-07,148.231436096
2014-03-10,148.244071111
2014-03-11,148.359394664
2014-03-12,147.984532108
2014-03-13,147.764928001
2014-03-14,147.894041816
2014-03-17,147.783742207
2014-03-18,147.360912884
2014-03-19,147.179089425
2014-03-20,146.869496749
2014-03-21,146.697223939
2014-03-24,147.183871002
2014-03-25,147.210852568
2014-03-26,147.231032064
2014-03-27,147.1698188
2014-03-28,147.532279182
2014-03-31,147.12026144
2014-04-01,147.354923438
2014-04-02,147.943459183
2014-04-03,148.053192413
2014-04-04,148.205630258
2014-04-07,148.394972879
2014-04-08,148.313145038
2014-04-09,148.159645215
2014-04-10,147.895951824
2014-04-11,148.246633147
2014-04-14,148.948024924
2014-04-15,148.765624493
2014-04-16,148.565089058
2014-04-17,148.679705824
2014-04-21,148.355374385
2014-04-22,148.554719958
2014-04-23,149.218249073
2014-04-24,149.492005273
2014-04-25,149.886736063
2014-04-28,149.893296923
2014-04-29,149.848096135
2014-04-30,149.815057017
2014-05-01,148.443061322
2014-05-02,149.105734899
2014-05-05,149.471836401
2014-05-06,150.220768721
2014-05-07,150.217007141
2014-05-08,149.483052344
2014-05-09,149.219885271
2014-05-12,150.02447981
2014-05-13,150.905366735
2014-05-14,150.49489402
2014-05-15,150.640989831
2014-05-16,150.555805249
2014-05-19,150.322231454
2014-05-20,150.492840781
2014-05-21,150.113226534
2014-05-22,150.036362938
2014-05-23,149.659362645
2014-05-27,150.224435204
2014-05-28,150.804731618
2014-05-29,150.991402381
2014-05-30,150.596286517
2014-06-02,150.852753065
2014-06-03,150.80907534
2014-06-04,150.557063212
2014-06-05,150.711238039
2014-06-06,150.639942622
2014-06-09,150.660363567
2014-06-10,150.267779876
2014-06-11,150.62338616
2014-06-12,150.949176145
2014-06-13,151.34959335
2014-06-16,151.272003174
2014-06-17,151.785257772
2014-06-18,152.021890574
2014-06-19,152.198089525
2014-06-20,152.442071076
2014-06-23,151.085042373
2014-06-24,150.847185599
2014-06-25,150.625862046
2014-06-26,151.181728836
2014-06-27,151.726456714
2014-06-30,152.044480675
2014-07-01,151.505401166
2014-07-02,151.841114812
2014-07-03,151.127274572
2014-07-07,150.995113638
2014-07-08,150.879289067
2014-07-09,150.871557503
2014-07-10,150.485056167
2014-07-11,150.966566487
2014-07-14,150.760496425
2014-07-15,151.527649654
2014-07-16,150.620449567
2014-07-17,150.989023069
2014-07-18,150.777956509
2014-07-21,151.140369989
2014-07-22,150.579063139
2014-07-23,150.435434717
2014-07-24,149.948631524
2014-07-25,150.797709267
2014-07-28,151.106223065
2014-07-29,151.352621692
2014-07-30,150.087595753
2014-07-31,149.435953528
2014-08-01,149.383466228
2014-08-04,148.649143935
2014-08-05,148.410386357
2014-08-06,146.803631282
2014-08-07,147.215784589
2014-08-08,147.214218432
2014-08-11,147.406526507
2014-08-12,147.192992623
2014-08-13,147.654656927
2014-08-14,147.563728339
2014-08-15,147.599118374
2014-08-18,148.130705911
2014-08-19,148.410849438
2014-08-20,148.634903774
2014-08-21,148.045021565
2014-08-22,148.064401175
2014-08-25,148.228951054
2014-08-26,148.252580997
2014-08-27,148.548884452
2014-08-28,148.901342495
2014-08-29,148.242498767
2014-09-02,148.812192059
2014-09-03,148.300195609
2014-09-04,148.932502555
2014-09-05,148.856995578
2014-09-08,148.886435586
2014-09-09,149.047661299
2014-09-10,148.77685446
2014-09-11,148.66197309
2014-09-12,148.928062705
2014-09-15,149.597750148
2014-09-16,149.213349067
2014-09-17,149.948901877
2014-09-18,150.347493719
2014-09-19,150.574507706
2014-09-22,150.142361867
2014-09-23,151.2017781
2014-09-24,150.399289675
2014-09-25,150.276878006
2014-09-26,150.346705218
2014-09-29,150.987253662
2014-09-30,151.455587548
2014-10-01,151.391353224
2014-10-02,152.880416673
2014-10-03,153.118079426
2014-10-06,152.869724016
2014-10-07,153.801311909
2014-10-08,154.864537491
2014-10-09,154.295631019
2014-10-10,154.462761906
2014-10-13,153.802644852
2014-10-14,152.309338268
2014-10-15,150.934654669
2014-10-16,150.974042847
2014-10-17,151.38990961
2014-10-20,151.239735927
2014-10-21,151.920331939
2014-10-22,152.21061636
2014-10-23,153.281122183
2014-10-24,153.862567503
2014-10-27,152.816648956
2014-10-28,152.430222752
2014-10-29,153.603462155
2014-10-30,153.31289631
2014-10-31,153.761608779
2014-11-03,154.66057676
2014-11-04,154.362802661
2014-11-05,153.88956261
2014-11-06,152.473114915
2014-11-07,153.073009452
2014-11-10,153.118443966
2014-11-11,153.411635859
2014-11-12,154.067659938
2014-11-13,153.738953909
2014-11-14,153.804962777
2014-11-17,154.034463727
2014-11-18,154.235028985
2014-11-19,154.056134839
2014-11-20,153.906559346
2014-11-21,154.438980283
2014-11-24,154.481722425
2014-11-25,155.121676855
2014-11-26,157.590685203
2014-11-28,157.957335338
2014-12-01,157.875252426
2014-12-02,157.741425297
2014-12-03,158.004693978
2014-12-04,157.956870745
2014-12-05,158.526972417
2014-12-08,158.588257354
2014-12-09,158.904972572
2014-12-10,158.998777081
2014-12-11,159.401594593
2014-12-12,159.219082559
2014-12-15,158.472826029
2014-12-16,158.484499598
2014-12-17,158.526364766
2014-12-18,157.962133472
2014-12-19,158.470078653
2014-12-22,158.168887056
2014-12-23,158.331261233
2014-12-24,158.497222586
2014-12-26,159.010145113
2014-12-29,158.343437498
2014-12-30,157.780890636
2014-12-31,157.361164613
2015-01-02,157.72790508
2015-01-05,157.5659318
2015-01-06,158.75269957
2015-01-07,159.278706313
2015-01-08,159.503605602
2015-01-09,159.940533406
2015-01-12,160.343800544
2015-01-13,160.829970194
2015-01-14,160.936425416
2015-01-15,161.676707336
2015-01-16,161.661166974
2015-01-20,161.032716902
2015-01-21,160.608619964
2015-01-22,160.907435231
2015-01-23,160.814335439
2015-01-26,160.81319186
2015-01-27,161.153073118
2015-01-28,161.66920822
2015-01-29,160.379808735
2015-01-30,159.165536926
2015-02-02,158.973521388
2015-02-03,159.184585089
2015-02-04,159.469742877
2015-02-05,157.728379514
2015-02-06,157.252670341
2015-02-09,157.640176498
2015-02-10,157.796024633
2015-02-11,158.053911051
2015-02-12,158.496469553
2015-02-13,158.265316067
2015-02-17,159.262713652
2015-02-18,159.481332227
2015-02-19,159.894438546
2015-02-20,160.176127097
2015-02-23,160.20321365
2015-02-24,160.484977838
2015-02-25,160.633242139
2015-02-26,160.634565686
2015-02-27,161.786366779
2015-03-02,160.972289008
2015-03-03,161.067293391
2015-03-04,160.814063243
2015-03-05,159.922427144
2015-03-06,160.192484425
2015-03-09,159.786785756
2015-03-10,159.491350092
2015-03-11,159.284989709
2015-03-12,159.230446597
2015-03-13,160.150755482
2015-03-16,159.745478687
2015-03-17,159.916209065
2015-03-18,160.593579837
2015-03-19,160.727259647
2015-03-20,161.244843537
2015-03-23,160.730906749
2015-03-24,160.05357085
2015-03-25,159.88845892
2015-03-26,160.450704283
2015-03-27,160.813106759
2015-03-30,160.779098963
2015-03-31,160.02699624
2015-04-01,160.204136412
2015-04-02,160.619396508
2015-04-06,160.705539278
2015-04-07,161.054791416
2015-04-08,161.400078371
2015-04-09,161.479155702
2015-04-10,161.379350685
2015-04-13,161.328982253
2015-04-14,161.445058394
2015-04-15,161.729217579
2015-04-16,161.637047096
2015-04-17,161.08876585
2015-04-20,161.177616235
2015-04-21,161.186764669
2015-04-22,160.872019677
2015-04-23,160.588670883
2015-04-24,160.141244753
2015-04-27,160.298131565
2015-04-28,159.989960316
2015-04-29,159.727146077
2015-04-30,159.201814027
2015-05-01,159.269560202
2015-05-04,159.185151424
2015-05-05,159.215688372
2015-05-06,158.852784846
2015-05-07,159.141434709
2015-05-08,158.749330974
2015-05-11,158.748165499
2015-05-12,158.845395416
2015-05-13,159.096770806
2015-05-14,158.980492403
2015-05-15,158.980322237
2015-05-18,159.398487473
2015-05-19,159.456750977
2015-05-20,159.291329688
2015-05-21,159.437185081
2015-05-22,158.626791965
2015-05-26,158.669264915
2015-05-27,158.804860972
2015-05-28,159.110617832
2015-05-29,159.007533617
2015-06-01,159.064950602
2015-06-02,159.732311407
2015-06-03,159.303407288
2015-06-04,159.775089946
2015-06-05,159.297548041
2015-06-08,159.552408229
2015-06-09,160.747533735
2015-06-10,160.509536082
2015-06-11,160.47014244
2015-06-12,160.401734658
2015-06-15,161.222808964
2015-06-16,160.726980199
2015-06-17,160.486683456
2015-06-18,160.816599719
2015-06-19,161.414164813
2015-06-22,162.252902193
2015-06-23,161.929521761
2015-06-24,162.246623834
2015-06-25,162.098572704
2015-06-26,161.065217135
2015-06-29,161.311126677
2015-06-30,161.78610477
2015-07-01,161.111835685
2015-07-02,161.454785961
2015-07-06,161.507038104
2015-07-07,161.519396929
2015-07-08,161.884085527
2015-07-09,161.854951654
2015-07-10,161.83046548
2015-07-13,161.999625103
2015-07-14,162.353866976
2015-07-15,162.268428624
2015-07-16,162.428423472
2015-07-17,162.779543822
2015-07-20,163.355813702
2015-07-21,164.159744703
2015-07-22,164.148132499
2015-07-23,164.641541771
2015-07-24,164.781660455
2015-07-27,164.392442924
2015-07-28,164.03961505
2015-07-29,163.634270371
2015-07-30,163.059230897
2015-07-31,163.646677533
2015-08-03,164.026367898
2015-08-04,164.597828264
2015-08-05,164.399343699
2015-08-06,164.129492513
2015-08-07,163.37683335
2015-08-10,163.861770021
2015-08-11,163.203034762
2015-08-12,162.837123198
2015-08-13,162.469398324
2015-08-14,162.095291392
2015-08-17,162.817311334
2015-08-18,162.649626292
2015-08-19,162.517890675
2015-08-20,161.542877963
2015-08-21,160.220748835
2015-08-24,160.709188472
2015-08-25,161.405055808
2015-08-26,160.431394972
2015-08-27,159.782709307
2015-08-28,159.425061543
2015-08-31,159.617364587
2015-09-01,159.901204379
2015-09-02,159.528573078
2015-09-03,159.650736798
2015-09-04,159.32921578
2015-09-08,159.108974875
2015-09-09,159.554062231
2015-09-10,159.722030933
2015-09-11,159.830185149
2015-09-14,159.722250956
2015-09-15,159.257519098
2015-09-16,159.253957925
2015-09-17,159.562234358
2015-09-18,159.54241543
2015-09-21,160.151088228
2015-09-22,161.021500114
2015-09-23,160.976130123
2015-09-24,160.56727935
2015-09-25,160.805038332
2015-09-28,160.502133391
2015-09-29,159.777243667
2015-09-30,159.454322059
2015-10-01,159.253014137
2015-10-02,158.140547584
2015-10-05,157.798626928
2015-10-06,157.543874576
2015-10-07,157.556873083
2015-10-08,157.639884383
2015-10-09,158.154581495
2015-10-12,158.060554881
2015-10-13,157.593656241
2015-10-14,157.670159141
2015-10-15,158.324563913
2015-10-16,158.315699382
2015-10-19,158.180483806
2015-10-20,158.225803228
2015-10-21,158.761023976
2015-10-22,158.441403654
2015-10-23,158.16544494
2015-10-26,158.747279505
2015-10-27,158.155285406
2015-10-28,158.547423751
2015-10-29,158.21580963
2015-10-30,157.893862804
2015-11-02,157.605714706
2015-11-03,157.946652873
2015-11-04,157.916300679
2015-11-05,157.318628388
2015-11-06,157.684320137
2015-11-09,157.753414742
2015-11-10,158.057270651
2015-11-11,157.825811337
2015-11-12,158.619155586
2015-11-13,159.419306773
2015-11-16,160.000527989
2015-11-17,159.682263536
2015-11-18,159.396620204
2015-11-19,158.831522995
2015-11-20,158.886703757
2015-11-23,158.77307092
2015-11-24,158.731313846
2015-11-25,159.194441354
2015-11-27,159.127154737
2015-11-30,159.082162865
2015-12-01,159.360717087
2015-12-02,159.438951553
2015-12-03,159.768501975
2015-12-04,159.601852098
2015-12-07,160.440616651
2015-12-08,159.882941021
2015-12-09,159.704755437
2015-12-10,160.484674285
2015-12-11,161.026165444
2015-12-14,160.970644436
2015-12-15,160.696007912
2015-12-16,161.196538488
2015-12-17,160.881872042
2015-12-18,161.186129881
2015-12-21,161.751781493
2015-12-22,161.575069519
2015-12-23,161.701321422
2015-12-24,161.933177509
2015-12-28,162.065941766
2015-12-29,162.115229409
